{ "__applicationAndroidStyle": { "colorPrimary": "#07A8FF", "colorPrimaryDark": "#066ea6", "colorAccent": "#07A8FF", "v21": { "android:navigationBarColor": "#000000", "android:colorEdgeEffect": "#07A8FF" }, "v27": { "android:navigationBarColor": "#ffffff", "android:windowTranslucentStatus": true, "android:windowLightNavigationBar": true } }, ".sf-activityIndicator": { "width": 42, "height": 42, "color": "#00a1f1", "flexProps": { "positionType": "RELATIVE", "alignSelf": "CENTER" }, "ios": { "activityIndicatorViewStyle": "LARGE" }, "minHeight": 21, "minWidth": 21 }, ".sf-flexLayout": { "masksToBounds": true, "height": 343, "width": null, "flexProps": { "alignSelf": "AUTO", "direction": "INHERIT", "alignContent": "STRETCH", "alignItems": "STRETCH", "justifyContent": "FLEX_START", "flexWrap": "NOWRAP", "flexDirection": "COLUMN", "positionType": "RELATIVE" } }, ".sf-gifImageView": { "masksToBounds": true, "height": 343, "width": null, "imageFillType": "STRETCH", "flexProps": { "alignSelf": "AUTO", "positionType": "RELATIVE" } }, ".sf-button": { "masksToBounds": true, "width": null, "height": 50, "borderRadius": 8, "textColor": "#FFFFFF", "textAlignment": "MIDCENTER", "backgroundColor": { "normal": "#00a1f1", "pressed": "rgba( 0, 129, 194, 1 )", "disabled": "rgba(210, 210, 210, 1)" }, "font": { "size": 16, "bold": true, "italic": false, "family": "SFProText", "style": "Semibold" }, "flexProps": { "positionType": "RELATIVE", "alignSelf": "AUTO" }, ".warning": { "backgroundColor": { "normal": "#9F6000" } }, ".error": { "backgroundColor": { "normal": "#D8000C" } }, ".success": { "backgroundColor": { "normal": "#4F8A10" } } }, ".sf-gridView": { "masksToBounds": true, "height": 343, "width": null, "backgroundColor": "rgba(255,255,255,0)", "flexProps": { "alignSelf": "AUTO", "positionType": "RELATIVE" } }, ".sf-headerBar": { "masksToBounds": true, "visible": true, "transparent": false, "backgroundColor": "#00a1f1", "titleColor": "#ffffff", "itemColor": "#ffffff" }, ".sf-gridViewItem": { "masksToBounds": true, "height": 227, "width": 165, "flexProps": { "alignSelf": "AUTO", "positionType": "RELATIVE", "alignContent": "STRETCH", "alignItems": "STRETCH" } }, ".sf-imageView": { "masksToBounds": true, "height": 343, "width": null, "imageFillType": "NORMAL", "flexProps": { "alignSelf": "AUTO", "positionType": "RELATIVE" } }, ".sf-listView": { "masksToBounds": true, "height": 216, "width": null, "flexProps": { "alignSelf": "AUTO", "positionType": "RELATIVE" } }, ".sf-label": { "masksToBounds": true, "height": 50, "width": null, "maxLines": 0, "ellipsizeMode": "END", "textColor": "#00a1f1", "textAlignment": "MIDLEFT", "font": { "size": 17, "bold": true, "italic": false, "family": "SFProText", "style": "Semibold" }, "flexProps": { "alignSelf": "AUTO", "positionType": "RELATIVE" } }, ".sf-mapView": { "masksToBounds": true, "height": 343, "width": null, "flexProps": { "alignSelf": "AUTO", "positionType": "RELATIVE" } }, ".sf-materialTextBox": { "ellipsizeMode": "END", "textAlignment": "MIDLEFT", "textColor": "rgba( 0,0,0,1 )", "errorColor": "rgba( 255,0,0,1 )", "hintTextColor": "rgba( 0,0,0,1 )", "cursorColor": "rgba( 0,161,241,1 )", "selectedHintTextColor": "rgba( 0,0,0,1 )", "height": 80, "width": null, "flexProps": { "positionType": "RELATIVE" }, "lineColor": { "normal": "rgba( 0,0,0,1 )", "selected": "rgba( 0,0,0,1 )" }, "font": { "size": 14, "family": "Default" }, "labelsFont": { "size": 14, "family": "Default" } }, ".sf-page": { "masksToBounds": true, "flexProps": { "alignContent": "STRETCH", "alignItems": "STRETCH", "direction": "INHERIT", "flexDirection": "COLUMN", "flexWrap": "NOWRAP", "justifyContent": "FLEX_START" }, "backgroundColor": "#FFFFFF", "orientation": "PORTRAIT" }, ".sf-scrollView": { "masksToBounds": true, "height": 343, "width": null, "scrollBarEnabled": true, "autoSizeEnabled": true, "align": "VERTICAL", "flexProps": { "alignSelf": "AUTO", "positionType": "RELATIVE" }, "layout": { "flexProps": { "alignContent": "STRETCH", "alignItems": "STRETCH", "flexDirection": "COLUMN" } } }, ".sf-searchView": { "masksToBounds": true, "touchEnabled": true, "width": null, "height": 70, "textColor": "#000000", "borderWidth": 0, "backgroundColor": "rgb(246,246,246)", "textFieldBackgroundColor": "rgba(142,142,147,0.12)", "cursorColor": "rgba(66,107,242,1)", "hintColor": "rgb(142,142,147)", "textAlignment": "MIDLEFT", "font": { "size": 17, "bold": true, "italic": false, "family": "SFProText", "style": "Regular" }, "flexProps": { "alignSelf": "AUTO", "positionType": "RELATIVE" }, "input": { "height": 28 } }, ".sf-shimmerFlexLayout": { "masksToBounds": true, "height": 343, "width": null, "flexProps": { "alignSelf": "AUTO", "positionType": "RELATIVE" }, "layout": { "flexProps": { "alignContent": "STRETCH", "alignItems": "STRETCH", "flexDirection": "COLUMN" } }, "ios": { "animationAlpha": 0.5, "beginFadeDuration": 100, "endFadeDuration": 300, "speed": 230 }, "android": { "highlightAlpha": 0.5, "highlightLength": 1 } }, ".sf-slider": { "maxTrackColor": "rgb(183,183,183)", "minTrackColor": "#00a1f1", "value": 60, "maxValue": 100, "minValue": 0, "width": null, "flexProps": { "alignSelf": "AUTO", "positionType": "RELATIVE" }, "height": 40 }, ".sf-statusBar": { "masksToBounds": true, "android": { "color": "#00a1f1" }, "style": "LIGHTCONTENT", "visible": true }, ".sf-textArea": { "masksToBounds": true, "height": 120, "width": null, "borderColor": "#00a1f1", "borderWidth": 1, "borderRadius": 4, "textColor": "#000000", "textAlignment": "MIDLEFT", "font": { "size": 16, "bold": false, "italic": false, "family": "SFProText", "style": "Regular" }, "flexProps": { "alignSelf": "AUTO", "positionType": "RELATIVE" } }, ".sf-switch": { "width": 60, "android": { "toggleOffColor": "#EEEEEE" }, "toggleOnColor": "#00a1f1", "flexProps": { "alignSelf": "AUTO", "positionType": "RELATIVE" }, "minHeight": 31, "minWidth": 60 }, ".sf-textBox": { "masksToBounds": true, "height": 54, "width": null, "borderColor": "#00a1f1", "borderWidth": 1, "borderRadius": 4, "textColor": "#000000", "textAlignment": "MIDLEFT", "font": { "size": 16, "bold": false, "italic": false, "family": "SFProText", "style": "Regular" }, "flexProps": { "alignSelf": "AUTO", "positionType": "RELATIVE" } }, ".sf-textView": { "masksToBounds": true, "width": null, "height": 131, "maxLines": 2, "ellipsizeMode": "END", "textAlignment": "MIDLEFT", "flexProps": { "alignSelf": "AUTO", "positionType": "RELATIVE" } }, ".sf-listViewItem": { "masksToBounds": true, "height": 54, "width": 375, "flexProps": { "alignSelf": "STRETCH", "positionType": "RELATIVE", "alignContent": "STRETCH", "alignItems": "STRETCH" } }, ".sf-videoView": { "masksToBounds": true, "height": 343, "width": null, "flexProps": { "alignSelf": "AUTO", "positionType": "RELATIVE" } }, ".sf-view": { "masksToBounds": true, "height": 343, "width": null, "backgroundColor": "rgb(210, 210, 210)", "flexProps": { "positionType": "RELATIVE" } }, ".sf-webView": { "masksToBounds": true, "height": 343, "width": null, "flexProps": { "alignSelf": "AUTO", "positionType": "RELATIVE" } } }
